{
  "calibration_date": "2026-05-23 18:30:04",
  "frame_width": 640,
  "frame_height": 480,
  "camera_matrix": [
    [
      744.4008515103221,
      0.0,
      317.75319712426045
    ],
    [
      0.0,
      827.6406102256278,
      233.8212993463464
    ],
    [
      0.0,
      0.0,
      1.0
    ]
  ],
  "dist_coeffs": [
    [
      1.6214072260557149,
      -36.187462334987224,
      -0.011717420780937605,
      -0.018668240687712608,
      179.05697593545085
    ]
  ],
  "mean_reprojection_error_px": 0.5994,
  "frames_used": 16,
  "apriltag_size_cm": 10.0
}