{
  "0": {
    "x": -82.07192165021746,
    "y": 0.7399134603717482,
    "z": 54.65692915724626,
    "yaw_deg": -169.12858160753512,
    "views": 1
  },
  "1": {
    "x": -65.74259701688294,
    "y": 3.51140639844676,
    "z": 46.05546245908192,
    "yaw_deg": -159.9527848240648,
    "views": 1
  },
  "4": {
    "x": -65.69195197652782,
    "y": 14.8712907550316,
    "z": 51.415247969123,
    "yaw_deg": -16.718506576492015,
    "views": 1
  },
  "3": {
    "x": 70.84011242500127,
    "y": -14.917465366035419,
    "z": 0.0,
    "yaw_deg": -46.57657067166135,
    "views": 1
  }
}
