{
  "calibration_date": "2026-05-13 18:50:00",
  "frame_width": 640,
  "frame_height": 480,
  "camera_matrix": [
    [828.3951714345817, 0.0, 337.4603949402347],
    [0.0, 812.655944490612, 213.6221133390383],
    [0.0, 0.0, 1.0]
  ],
  "dist_coeffs": [
    [-1.4359167977905247, 14.759970080276391, -0.005699505649195278, 0.05434415294245828, -37.11140303416461]
  ],
  "mean_reprojection_error_px": 0.85,
  "frames_used": 18,
  "apriltag_size_cm": 10.0
}